Variable,FE_Coef,FE_pvalue,RE_Coef,RE_pvalue
FDI,1.2127168489639233e-11,0.3412199079235516,6.101570387366023e-12,0.5934965010270279
Trade_Openness,0.03143193530909727,0.0015051134405199562,0.026246737376320127,7.267563133517285e-07
