,PC1,PC2
FDI_log,0.6855616142036307,-0.17724743174308683
GDP_Growth,0.2403413305218538,0.9706337806507372
Trade_Openness_log,0.6871981649957289,-0.16264504849559883
